-- phpMyAdmin SQL Dump
-- version 4.7.9
-- https://www.phpmyadmin.net/
--
-- Host: 127.0.0.1:3306
-- Generation Time: Nov 23, 2018 at 06:14 PM
-- Server version: 5.7.21
-- PHP Version: 5.6.35

SET SQL_MODE = "NO_AUTO_VALUE_ON_ZERO";
SET AUTOCOMMIT = 0;
START TRANSACTION;
SET time_zone = "+00:00";


/*!40101 SET @OLD_CHARACTER_SET_CLIENT=@@CHARACTER_SET_CLIENT */;
/*!40101 SET @OLD_CHARACTER_SET_RESULTS=@@CHARACTER_SET_RESULTS */;
/*!40101 SET @OLD_COLLATION_CONNECTION=@@COLLATION_CONNECTION */;
/*!40101 SET NAMES utf8mb4 */;

--
-- Database: `buskaro`
--
CREATE DATABASE IF NOT EXISTS `buskaro` DEFAULT CHARACTER SET latin1 COLLATE latin1_swedish_ci;
USE `buskaro`;

-- --------------------------------------------------------

--
-- Table structure for table `bg`
--

DROP TABLE IF EXISTS `bg`;
CREATE TABLE IF NOT EXISTS `bg` (
  `BloodG` varchar(5) NOT NULL,
  PRIMARY KEY (`BloodG`)
) ENGINE=InnoDB DEFAULT CHARSET=latin1;

--
-- Dumping data for table `bg`
--

INSERT INTO `bg` (`BloodG`) VALUES
('A+'),
('A-'),
('AB+'),
('AB-'),
('B+'),
('B-'),
('O+'),
('O-');

-- --------------------------------------------------------

--
-- Table structure for table `bus_instances`
--

DROP TABLE IF EXISTS `bus_instances`;
CREATE TABLE IF NOT EXISTS `bus_instances` (
  `BID` int(11) NOT NULL,
  `RID` int(11) NOT NULL,
  `Capacity` int(11) NOT NULL,
  `BusDate` date DEFAULT NULL,
  `DepTime` time DEFAULT NULL,
  PRIMARY KEY (`BID`),
  KEY `RID` (`RID`),
  KEY `Capacity` (`Capacity`),
  KEY `DepTime` (`DepTime`)
) ENGINE=InnoDB DEFAULT CHARSET=latin1;

--
-- Dumping data for table `bus_instances`
--

INSERT INTO `bus_instances` (`BID`, `RID`, `Capacity`, `BusDate`, `DepTime`) VALUES
(60, 11540, 50, '2018-11-23', '15:40:00'),
(61, 21615, 50, '2018-11-23', '16:15:00'),
(62, 21655, 50, '2018-11-23', '16:55:00'),
(63, 11720, 50, '2018-11-23', '17:20:00'),
(64, 11750, 50, '2018-11-23', '17:50:00'),
(65, 21830, 50, '2018-11-23', '18:30:00'),
(66, 11940, 50, '2018-11-23', '19:40:00'),
(67, 22020, 50, '2018-11-23', '20:20:00'),
(68, 12100, 50, '2018-11-23', '21:00:00'),
(69, 22140, 50, '2018-11-23', '21:40:00'),
(70, 11540, 50, '2018-11-24', '15:40:00'),
(71, 21615, 50, '2018-11-24', '16:15:00'),
(72, 21655, 50, '2018-11-24', '16:55:00'),
(73, 11720, 50, '2018-11-24', '17:20:00'),
(74, 11750, 50, '2018-11-24', '17:50:00'),
(75, 21830, 50, '2018-11-24', '18:30:00'),
(76, 11940, 50, '2018-11-24', '19:40:00'),
(77, 22020, 50, '2018-11-24', '20:20:00'),
(78, 12100, 50, '2018-11-24', '21:00:00'),
(79, 22140, 50, '2018-11-24', '21:40:00');

-- --------------------------------------------------------

--
-- Table structure for table `department`
--

DROP TABLE IF EXISTS `department`;
CREATE TABLE IF NOT EXISTS `department` (
  `DCode` varchar(5) NOT NULL,
  `DName` varchar(50) DEFAULT NULL,
  PRIMARY KEY (`DCode`)
) ENGINE=InnoDB DEFAULT CHARSET=latin1;

--
-- Dumping data for table `department`
--

INSERT INTO `department` (`DCode`, `DName`) VALUES
('CSE', 'Computer Science and Engineering'),
('DS', 'Design'),
('ECE', 'Electronics and Communication Engineering'),
('ME', 'Mechanical Engineering'),
('NS', 'Natural Sciences');

-- --------------------------------------------------------

--
-- Table structure for table `faculty`
--

DROP TABLE IF EXISTS `faculty`;
CREATE TABLE IF NOT EXISTS `faculty` (
  `FID` int(11) NOT NULL,
  `FName` varchar(30) DEFAULT NULL,
  `Dept` varchar(5) NOT NULL,
  `BloodG` varchar(5) DEFAULT NULL,
  PRIMARY KEY (`FID`),
  KEY `BloodG` (`BloodG`),
  KEY `Dept` (`Dept`)
) ENGINE=InnoDB DEFAULT CHARSET=latin1;

--
-- Dumping data for table `faculty`
--

INSERT INTO `faculty` (`FID`, `FName`, `Dept`, `BloodG`) VALUES
(50215, 'Alex Jones', 'CSE', 'A+');

-- --------------------------------------------------------

--
-- Table structure for table `guest`
--

DROP TABLE IF EXISTS `guest`;
CREATE TABLE IF NOT EXISTS `guest` (
  `GID` int(11) NOT NULL,
  `GName` varchar(30) NOT NULL,
  `HostID` int(11) NOT NULL,
  `HostType` varchar(15) NOT NULL,
  `BloodG` varchar(5) NOT NULL,
  PRIMARY KEY (`GID`),
  KEY `BloodG` (`BloodG`),
  KEY `HostID` (`HostID`),
  KEY `HostType` (`HostType`)
) ENGINE=InnoDB DEFAULT CHARSET=latin1;

-- --------------------------------------------------------

--
-- Table structure for table `passenger`
--

DROP TABLE IF EXISTS `passenger`;
CREATE TABLE IF NOT EXISTS `passenger` (
  `ID` int(11) NOT NULL,
  `Type` varchar(15) NOT NULL,
  `Pwd` varchar(40) DEFAULT NULL,
  PRIMARY KEY (`ID`,`Type`),
  KEY `Type` (`Type`)
) ENGINE=InnoDB DEFAULT CHARSET=latin1;

--
-- Dumping data for table `passenger`
--

INSERT INTO `passenger` (`ID`, `Type`, `Pwd`) VALUES
(1021, 'Staff', 'test3'),
(50215, 'Faculty', 'test2'),
(2017333, 'Student', 'test');

-- --------------------------------------------------------

--
-- Table structure for table `p_type`
--

DROP TABLE IF EXISTS `p_type`;
CREATE TABLE IF NOT EXISTS `p_type` (
  `type` varchar(15) NOT NULL,
  PRIMARY KEY (`type`)
) ENGINE=InnoDB DEFAULT CHARSET=latin1;

--
-- Dumping data for table `p_type`
--

INSERT INTO `p_type` (`type`) VALUES
('Faculty'),
('Guest'),
('Staff'),
('Student');

-- --------------------------------------------------------

--
-- Table structure for table `routes`
--

DROP TABLE IF EXISTS `routes`;
CREATE TABLE IF NOT EXISTS `routes` (
  `RID` int(11) NOT NULL,
  `STime` time DEFAULT NULL,
  `DTime` time DEFAULT NULL,
  `Src` varchar(20) DEFAULT NULL,
  `Dst` varchar(20) DEFAULT NULL,
  `Capacity` int(11) DEFAULT NULL,
  PRIMARY KEY (`RID`),
  KEY `Src` (`Src`),
  KEY `Dst` (`Dst`),
  KEY `d_time` (`DTime`),
  KEY `cap` (`Capacity`),
  KEY `STime_index` (`STime`)
) ENGINE=InnoDB DEFAULT CHARSET=latin1;

--
-- Dumping data for table `routes`
--

INSERT INTO `routes` (`RID`, `STime`, `DTime`, `Src`, `Dst`, `Capacity`) VALUES
(11540, '15:40:00', '16:20:00', 'Narmada Residency', 'Empire Talkies', 50),
(11720, '17:20:00', '18:00:00', 'Hall 4', 'Penty Naka', 50),
(11750, '17:50:00', '18:30:00', 'Hall 4', 'Penty Naka', 50),
(11940, '19:40:00', '20:20:00', 'Hall 4', 'Penty Naka', 50),
(12100, '21:00:00', '18:00:00', 'PG Hostel', 'Russel Chowk', 50),
(21615, '16:15:00', '16:45:00', 'Empire Talkies', 'Narmada Residency', 50),
(21655, '16:55:00', '17:35:00', 'Penty Naka', 'Hexagonal Canteen', 50),
(21830, '18:30:00', '19:10:00', 'Penty Naka', 'Hall 4', 50),
(22020, '20:20:00', '21:00:00', 'Penty Naka', 'Hall 4', 50),
(22140, '21:40:00', '22:20:00', 'Russel Chowk', 'Hall 4', 50);

-- --------------------------------------------------------

--
-- Table structure for table `seat_matrix`
--

DROP TABLE IF EXISTS `seat_matrix`;
CREATE TABLE IF NOT EXISTS `seat_matrix` (
  `BID` int(11) NOT NULL,
  `RID` int(11) NOT NULL,
  `SeatNo` int(11) NOT NULL,
  `Passenger` int(11) DEFAULT NULL,
  `BusDate` date DEFAULT NULL,
  PRIMARY KEY (`BID`,`RID`,`SeatNo`),
  KEY `RID` (`RID`),
  KEY `Passenger` (`Passenger`)
) ENGINE=InnoDB DEFAULT CHARSET=latin1;

--
-- Dumping data for table `seat_matrix`
--

INSERT INTO `seat_matrix` (`BID`, `RID`, `SeatNo`, `Passenger`, `BusDate`) VALUES
(60, 11540, 1, NULL, '2018-11-23'),
(60, 11540, 2, NULL, '2018-11-23'),
(60, 11540, 3, NULL, '2018-11-23'),
(60, 11540, 4, NULL, '2018-11-23'),
(60, 11540, 5, NULL, '2018-11-23'),
(60, 11540, 6, NULL, '2018-11-23'),
(60, 11540, 7, NULL, '2018-11-23'),
(60, 11540, 8, NULL, '2018-11-23'),
(60, 11540, 9, NULL, '2018-11-23'),
(60, 11540, 10, NULL, '2018-11-23'),
(60, 11540, 11, NULL, '2018-11-23'),
(60, 11540, 12, NULL, '2018-11-23'),
(60, 11540, 13, NULL, '2018-11-23'),
(60, 11540, 14, NULL, '2018-11-23'),
(60, 11540, 15, NULL, '2018-11-23'),
(60, 11540, 16, NULL, '2018-11-23'),
(60, 11540, 17, NULL, '2018-11-23'),
(60, 11540, 18, NULL, '2018-11-23'),
(60, 11540, 19, NULL, '2018-11-23'),
(60, 11540, 20, NULL, '2018-11-23'),
(60, 11540, 21, NULL, '2018-11-23'),
(60, 11540, 22, NULL, '2018-11-23'),
(60, 11540, 23, NULL, '2018-11-23'),
(60, 11540, 24, NULL, '2018-11-23'),
(60, 11540, 25, NULL, '2018-11-23'),
(60, 11540, 26, NULL, '2018-11-23'),
(60, 11540, 27, NULL, '2018-11-23'),
(60, 11540, 28, NULL, '2018-11-23'),
(60, 11540, 29, NULL, '2018-11-23'),
(60, 11540, 30, NULL, '2018-11-23'),
(60, 11540, 31, NULL, '2018-11-23'),
(60, 11540, 32, NULL, '2018-11-23'),
(60, 11540, 33, NULL, '2018-11-23'),
(60, 11540, 34, NULL, '2018-11-23'),
(60, 11540, 35, NULL, '2018-11-23'),
(60, 11540, 36, NULL, '2018-11-23'),
(60, 11540, 37, NULL, '2018-11-23'),
(60, 11540, 38, NULL, '2018-11-23'),
(60, 11540, 39, NULL, '2018-11-23'),
(60, 11540, 40, NULL, '2018-11-23'),
(60, 11540, 41, NULL, '2018-11-23'),
(60, 11540, 42, NULL, '2018-11-23'),
(60, 11540, 43, NULL, '2018-11-23'),
(60, 11540, 44, NULL, '2018-11-23'),
(60, 11540, 45, NULL, '2018-11-23'),
(60, 11540, 46, NULL, '2018-11-23'),
(60, 11540, 47, NULL, '2018-11-23'),
(60, 11540, 48, NULL, '2018-11-23'),
(60, 11540, 49, NULL, '2018-11-23'),
(60, 11540, 50, NULL, '2018-11-23'),
(61, 21615, 1, NULL, '2018-11-23'),
(61, 21615, 2, NULL, '2018-11-23'),
(61, 21615, 3, NULL, '2018-11-23'),
(61, 21615, 4, NULL, '2018-11-23'),
(61, 21615, 5, NULL, '2018-11-23'),
(61, 21615, 6, NULL, '2018-11-23'),
(61, 21615, 7, NULL, '2018-11-23'),
(61, 21615, 8, NULL, '2018-11-23'),
(61, 21615, 9, NULL, '2018-11-23'),
(61, 21615, 10, NULL, '2018-11-23'),
(61, 21615, 11, NULL, '2018-11-23'),
(61, 21615, 12, NULL, '2018-11-23'),
(61, 21615, 13, NULL, '2018-11-23'),
(61, 21615, 14, NULL, '2018-11-23'),
(61, 21615, 15, NULL, '2018-11-23'),
(61, 21615, 16, NULL, '2018-11-23'),
(61, 21615, 17, NULL, '2018-11-23'),
(61, 21615, 18, NULL, '2018-11-23'),
(61, 21615, 19, NULL, '2018-11-23'),
(61, 21615, 20, NULL, '2018-11-23'),
(61, 21615, 21, NULL, '2018-11-23'),
(61, 21615, 22, NULL, '2018-11-23'),
(61, 21615, 23, NULL, '2018-11-23'),
(61, 21615, 24, NULL, '2018-11-23'),
(61, 21615, 25, NULL, '2018-11-23'),
(61, 21615, 26, NULL, '2018-11-23'),
(61, 21615, 27, NULL, '2018-11-23'),
(61, 21615, 28, NULL, '2018-11-23'),
(61, 21615, 29, NULL, '2018-11-23'),
(61, 21615, 30, NULL, '2018-11-23'),
(61, 21615, 31, NULL, '2018-11-23'),
(61, 21615, 32, NULL, '2018-11-23'),
(61, 21615, 33, NULL, '2018-11-23'),
(61, 21615, 34, NULL, '2018-11-23'),
(61, 21615, 35, NULL, '2018-11-23'),
(61, 21615, 36, NULL, '2018-11-23'),
(61, 21615, 37, NULL, '2018-11-23'),
(61, 21615, 38, NULL, '2018-11-23'),
(61, 21615, 39, NULL, '2018-11-23'),
(61, 21615, 40, NULL, '2018-11-23'),
(61, 21615, 41, NULL, '2018-11-23'),
(61, 21615, 42, NULL, '2018-11-23'),
(61, 21615, 43, NULL, '2018-11-23'),
(61, 21615, 44, NULL, '2018-11-23'),
(61, 21615, 45, NULL, '2018-11-23'),
(61, 21615, 46, NULL, '2018-11-23'),
(61, 21615, 47, NULL, '2018-11-23'),
(61, 21615, 48, NULL, '2018-11-23'),
(61, 21615, 49, NULL, '2018-11-23'),
(61, 21615, 50, NULL, '2018-11-23'),
(62, 21655, 1, NULL, '2018-11-23'),
(62, 21655, 2, NULL, '2018-11-23'),
(62, 21655, 3, NULL, '2018-11-23'),
(62, 21655, 4, NULL, '2018-11-23'),
(62, 21655, 5, NULL, '2018-11-23'),
(62, 21655, 6, NULL, '2018-11-23'),
(62, 21655, 7, NULL, '2018-11-23'),
(62, 21655, 8, NULL, '2018-11-23'),
(62, 21655, 9, NULL, '2018-11-23'),
(62, 21655, 10, NULL, '2018-11-23'),
(62, 21655, 11, NULL, '2018-11-23'),
(62, 21655, 12, NULL, '2018-11-23'),
(62, 21655, 13, NULL, '2018-11-23'),
(62, 21655, 14, NULL, '2018-11-23'),
(62, 21655, 15, NULL, '2018-11-23'),
(62, 21655, 16, NULL, '2018-11-23'),
(62, 21655, 17, NULL, '2018-11-23'),
(62, 21655, 18, NULL, '2018-11-23'),
(62, 21655, 19, NULL, '2018-11-23'),
(62, 21655, 20, NULL, '2018-11-23'),
(62, 21655, 21, NULL, '2018-11-23'),
(62, 21655, 22, NULL, '2018-11-23'),
(62, 21655, 23, NULL, '2018-11-23'),
(62, 21655, 24, NULL, '2018-11-23'),
(62, 21655, 25, NULL, '2018-11-23'),
(62, 21655, 26, NULL, '2018-11-23'),
(62, 21655, 27, NULL, '2018-11-23'),
(62, 21655, 28, NULL, '2018-11-23'),
(62, 21655, 29, NULL, '2018-11-23'),
(62, 21655, 30, NULL, '2018-11-23'),
(62, 21655, 31, NULL, '2018-11-23'),
(62, 21655, 32, NULL, '2018-11-23'),
(62, 21655, 33, NULL, '2018-11-23'),
(62, 21655, 34, NULL, '2018-11-23'),
(62, 21655, 35, NULL, '2018-11-23'),
(62, 21655, 36, NULL, '2018-11-23'),
(62, 21655, 37, NULL, '2018-11-23'),
(62, 21655, 38, NULL, '2018-11-23'),
(62, 21655, 39, NULL, '2018-11-23'),
(62, 21655, 40, NULL, '2018-11-23'),
(62, 21655, 41, NULL, '2018-11-23'),
(62, 21655, 42, NULL, '2018-11-23'),
(62, 21655, 43, NULL, '2018-11-23'),
(62, 21655, 44, NULL, '2018-11-23'),
(62, 21655, 45, NULL, '2018-11-23'),
(62, 21655, 46, NULL, '2018-11-23'),
(62, 21655, 47, NULL, '2018-11-23'),
(62, 21655, 48, NULL, '2018-11-23'),
(62, 21655, 49, NULL, '2018-11-23'),
(62, 21655, 50, NULL, '2018-11-23'),
(63, 11720, 1, NULL, '2018-11-23'),
(63, 11720, 2, NULL, '2018-11-23'),
(63, 11720, 3, NULL, '2018-11-23'),
(63, 11720, 4, NULL, '2018-11-23'),
(63, 11720, 5, NULL, '2018-11-23'),
(63, 11720, 6, NULL, '2018-11-23'),
(63, 11720, 7, NULL, '2018-11-23'),
(63, 11720, 8, NULL, '2018-11-23'),
(63, 11720, 9, NULL, '2018-11-23'),
(63, 11720, 10, NULL, '2018-11-23'),
(63, 11720, 11, NULL, '2018-11-23'),
(63, 11720, 12, NULL, '2018-11-23'),
(63, 11720, 13, NULL, '2018-11-23'),
(63, 11720, 14, NULL, '2018-11-23'),
(63, 11720, 15, NULL, '2018-11-23'),
(63, 11720, 16, NULL, '2018-11-23'),
(63, 11720, 17, NULL, '2018-11-23'),
(63, 11720, 18, NULL, '2018-11-23'),
(63, 11720, 19, NULL, '2018-11-23'),
(63, 11720, 20, NULL, '2018-11-23'),
(63, 11720, 21, NULL, '2018-11-23'),
(63, 11720, 22, NULL, '2018-11-23'),
(63, 11720, 23, NULL, '2018-11-23'),
(63, 11720, 24, NULL, '2018-11-23'),
(63, 11720, 25, NULL, '2018-11-23'),
(63, 11720, 26, NULL, '2018-11-23'),
(63, 11720, 27, NULL, '2018-11-23'),
(63, 11720, 28, NULL, '2018-11-23'),
(63, 11720, 29, NULL, '2018-11-23'),
(63, 11720, 30, NULL, '2018-11-23'),
(63, 11720, 31, NULL, '2018-11-23'),
(63, 11720, 32, NULL, '2018-11-23'),
(63, 11720, 33, NULL, '2018-11-23'),
(63, 11720, 34, NULL, '2018-11-23'),
(63, 11720, 35, NULL, '2018-11-23'),
(63, 11720, 36, NULL, '2018-11-23'),
(63, 11720, 37, NULL, '2018-11-23'),
(63, 11720, 38, NULL, '2018-11-23'),
(63, 11720, 39, NULL, '2018-11-23'),
(63, 11720, 40, NULL, '2018-11-23'),
(63, 11720, 41, NULL, '2018-11-23'),
(63, 11720, 42, NULL, '2018-11-23'),
(63, 11720, 43, NULL, '2018-11-23'),
(63, 11720, 44, NULL, '2018-11-23'),
(63, 11720, 45, NULL, '2018-11-23'),
(63, 11720, 46, NULL, '2018-11-23'),
(63, 11720, 47, NULL, '2018-11-23'),
(63, 11720, 48, NULL, '2018-11-23'),
(63, 11720, 49, NULL, '2018-11-23'),
(63, 11720, 50, NULL, '2018-11-23'),
(64, 11750, 1, NULL, '2018-11-23'),
(64, 11750, 2, NULL, '2018-11-23'),
(64, 11750, 3, NULL, '2018-11-23'),
(64, 11750, 4, NULL, '2018-11-23'),
(64, 11750, 5, NULL, '2018-11-23'),
(64, 11750, 6, NULL, '2018-11-23'),
(64, 11750, 7, NULL, '2018-11-23'),
(64, 11750, 8, NULL, '2018-11-23'),
(64, 11750, 9, NULL, '2018-11-23'),
(64, 11750, 10, NULL, '2018-11-23'),
(64, 11750, 11, NULL, '2018-11-23'),
(64, 11750, 12, NULL, '2018-11-23'),
(64, 11750, 13, NULL, '2018-11-23'),
(64, 11750, 14, NULL, '2018-11-23'),
(64, 11750, 15, NULL, '2018-11-23'),
(64, 11750, 16, NULL, '2018-11-23'),
(64, 11750, 17, NULL, '2018-11-23'),
(64, 11750, 18, NULL, '2018-11-23'),
(64, 11750, 19, NULL, '2018-11-23'),
(64, 11750, 20, NULL, '2018-11-23'),
(64, 11750, 21, NULL, '2018-11-23'),
(64, 11750, 22, NULL, '2018-11-23'),
(64, 11750, 23, NULL, '2018-11-23'),
(64, 11750, 24, NULL, '2018-11-23'),
(64, 11750, 25, NULL, '2018-11-23'),
(64, 11750, 26, NULL, '2018-11-23'),
(64, 11750, 27, NULL, '2018-11-23'),
(64, 11750, 28, NULL, '2018-11-23'),
(64, 11750, 29, NULL, '2018-11-23'),
(64, 11750, 30, NULL, '2018-11-23'),
(64, 11750, 31, NULL, '2018-11-23'),
(64, 11750, 32, NULL, '2018-11-23'),
(64, 11750, 33, NULL, '2018-11-23'),
(64, 11750, 34, NULL, '2018-11-23'),
(64, 11750, 35, NULL, '2018-11-23'),
(64, 11750, 36, NULL, '2018-11-23'),
(64, 11750, 37, NULL, '2018-11-23'),
(64, 11750, 38, NULL, '2018-11-23'),
(64, 11750, 39, NULL, '2018-11-23'),
(64, 11750, 40, NULL, '2018-11-23'),
(64, 11750, 41, NULL, '2018-11-23'),
(64, 11750, 42, NULL, '2018-11-23'),
(64, 11750, 43, NULL, '2018-11-23'),
(64, 11750, 44, NULL, '2018-11-23'),
(64, 11750, 45, NULL, '2018-11-23'),
(64, 11750, 46, NULL, '2018-11-23'),
(64, 11750, 47, NULL, '2018-11-23'),
(64, 11750, 48, NULL, '2018-11-23'),
(64, 11750, 49, NULL, '2018-11-23'),
(64, 11750, 50, NULL, '2018-11-23'),
(65, 21830, 1, NULL, '2018-11-23'),
(65, 21830, 2, NULL, '2018-11-23'),
(65, 21830, 3, NULL, '2018-11-23'),
(65, 21830, 4, NULL, '2018-11-23'),
(65, 21830, 5, NULL, '2018-11-23'),
(65, 21830, 6, NULL, '2018-11-23'),
(65, 21830, 7, NULL, '2018-11-23'),
(65, 21830, 8, NULL, '2018-11-23'),
(65, 21830, 9, NULL, '2018-11-23'),
(65, 21830, 10, NULL, '2018-11-23'),
(65, 21830, 11, NULL, '2018-11-23'),
(65, 21830, 12, NULL, '2018-11-23'),
(65, 21830, 13, NULL, '2018-11-23'),
(65, 21830, 14, NULL, '2018-11-23'),
(65, 21830, 15, NULL, '2018-11-23'),
(65, 21830, 16, NULL, '2018-11-23'),
(65, 21830, 17, NULL, '2018-11-23'),
(65, 21830, 18, NULL, '2018-11-23'),
(65, 21830, 19, NULL, '2018-11-23'),
(65, 21830, 20, NULL, '2018-11-23'),
(65, 21830, 21, NULL, '2018-11-23'),
(65, 21830, 22, NULL, '2018-11-23'),
(65, 21830, 23, NULL, '2018-11-23'),
(65, 21830, 24, NULL, '2018-11-23'),
(65, 21830, 25, NULL, '2018-11-23'),
(65, 21830, 26, NULL, '2018-11-23'),
(65, 21830, 27, NULL, '2018-11-23'),
(65, 21830, 28, NULL, '2018-11-23'),
(65, 21830, 29, NULL, '2018-11-23'),
(65, 21830, 30, NULL, '2018-11-23'),
(65, 21830, 31, NULL, '2018-11-23'),
(65, 21830, 32, NULL, '2018-11-23'),
(65, 21830, 33, NULL, '2018-11-23'),
(65, 21830, 34, NULL, '2018-11-23'),
(65, 21830, 35, NULL, '2018-11-23'),
(65, 21830, 36, NULL, '2018-11-23'),
(65, 21830, 37, NULL, '2018-11-23'),
(65, 21830, 38, NULL, '2018-11-23'),
(65, 21830, 39, NULL, '2018-11-23'),
(65, 21830, 40, NULL, '2018-11-23'),
(65, 21830, 41, NULL, '2018-11-23'),
(65, 21830, 42, NULL, '2018-11-23'),
(65, 21830, 43, NULL, '2018-11-23'),
(65, 21830, 44, NULL, '2018-11-23'),
(65, 21830, 45, NULL, '2018-11-23'),
(65, 21830, 46, NULL, '2018-11-23'),
(65, 21830, 47, NULL, '2018-11-23'),
(65, 21830, 48, NULL, '2018-11-23'),
(65, 21830, 49, NULL, '2018-11-23'),
(65, 21830, 50, NULL, '2018-11-23'),
(66, 11940, 1, NULL, '2018-11-23'),
(66, 11940, 2, NULL, '2018-11-23'),
(66, 11940, 3, NULL, '2018-11-23'),
(66, 11940, 4, NULL, '2018-11-23'),
(66, 11940, 5, NULL, '2018-11-23'),
(66, 11940, 6, NULL, '2018-11-23'),
(66, 11940, 7, NULL, '2018-11-23'),
(66, 11940, 8, NULL, '2018-11-23'),
(66, 11940, 9, NULL, '2018-11-23'),
(66, 11940, 10, NULL, '2018-11-23'),
(66, 11940, 11, NULL, '2018-11-23'),
(66, 11940, 12, NULL, '2018-11-23'),
(66, 11940, 13, NULL, '2018-11-23'),
(66, 11940, 14, NULL, '2018-11-23'),
(66, 11940, 15, NULL, '2018-11-23'),
(66, 11940, 16, NULL, '2018-11-23'),
(66, 11940, 17, NULL, '2018-11-23'),
(66, 11940, 18, NULL, '2018-11-23'),
(66, 11940, 19, NULL, '2018-11-23'),
(66, 11940, 20, NULL, '2018-11-23'),
(66, 11940, 21, NULL, '2018-11-23'),
(66, 11940, 22, NULL, '2018-11-23'),
(66, 11940, 23, NULL, '2018-11-23'),
(66, 11940, 24, NULL, '2018-11-23'),
(66, 11940, 25, NULL, '2018-11-23'),
(66, 11940, 26, NULL, '2018-11-23'),
(66, 11940, 27, NULL, '2018-11-23'),
(66, 11940, 28, NULL, '2018-11-23'),
(66, 11940, 29, NULL, '2018-11-23'),
(66, 11940, 30, NULL, '2018-11-23'),
(66, 11940, 31, NULL, '2018-11-23'),
(66, 11940, 32, NULL, '2018-11-23'),
(66, 11940, 33, NULL, '2018-11-23'),
(66, 11940, 34, NULL, '2018-11-23'),
(66, 11940, 35, NULL, '2018-11-23'),
(66, 11940, 36, NULL, '2018-11-23'),
(66, 11940, 37, NULL, '2018-11-23'),
(66, 11940, 38, NULL, '2018-11-23'),
(66, 11940, 39, NULL, '2018-11-23'),
(66, 11940, 40, NULL, '2018-11-23'),
(66, 11940, 41, NULL, '2018-11-23'),
(66, 11940, 42, NULL, '2018-11-23'),
(66, 11940, 43, NULL, '2018-11-23'),
(66, 11940, 44, NULL, '2018-11-23'),
(66, 11940, 45, NULL, '2018-11-23'),
(66, 11940, 46, NULL, '2018-11-23'),
(66, 11940, 47, NULL, '2018-11-23'),
(66, 11940, 48, NULL, '2018-11-23'),
(66, 11940, 49, NULL, '2018-11-23'),
(66, 11940, 50, NULL, '2018-11-23'),
(67, 22020, 1, NULL, '2018-11-23'),
(67, 22020, 2, NULL, '2018-11-23'),
(67, 22020, 3, NULL, '2018-11-23'),
(67, 22020, 4, NULL, '2018-11-23'),
(67, 22020, 5, NULL, '2018-11-23'),
(67, 22020, 6, NULL, '2018-11-23'),
(67, 22020, 7, NULL, '2018-11-23'),
(67, 22020, 8, NULL, '2018-11-23'),
(67, 22020, 9, NULL, '2018-11-23'),
(67, 22020, 10, NULL, '2018-11-23'),
(67, 22020, 11, NULL, '2018-11-23'),
(67, 22020, 12, NULL, '2018-11-23'),
(67, 22020, 13, NULL, '2018-11-23'),
(67, 22020, 14, NULL, '2018-11-23'),
(67, 22020, 15, NULL, '2018-11-23'),
(67, 22020, 16, NULL, '2018-11-23'),
(67, 22020, 17, NULL, '2018-11-23'),
(67, 22020, 18, NULL, '2018-11-23'),
(67, 22020, 19, NULL, '2018-11-23'),
(67, 22020, 20, NULL, '2018-11-23'),
(67, 22020, 21, NULL, '2018-11-23'),
(67, 22020, 22, NULL, '2018-11-23'),
(67, 22020, 23, NULL, '2018-11-23'),
(67, 22020, 24, NULL, '2018-11-23'),
(67, 22020, 25, NULL, '2018-11-23'),
(67, 22020, 26, NULL, '2018-11-23'),
(67, 22020, 27, NULL, '2018-11-23'),
(67, 22020, 28, NULL, '2018-11-23'),
(67, 22020, 29, NULL, '2018-11-23'),
(67, 22020, 30, NULL, '2018-11-23'),
(67, 22020, 31, NULL, '2018-11-23'),
(67, 22020, 32, NULL, '2018-11-23'),
(67, 22020, 33, NULL, '2018-11-23'),
(67, 22020, 34, NULL, '2018-11-23'),
(67, 22020, 35, NULL, '2018-11-23'),
(67, 22020, 36, NULL, '2018-11-23'),
(67, 22020, 37, NULL, '2018-11-23'),
(67, 22020, 38, NULL, '2018-11-23'),
(67, 22020, 39, NULL, '2018-11-23'),
(67, 22020, 40, NULL, '2018-11-23'),
(67, 22020, 41, NULL, '2018-11-23'),
(67, 22020, 42, NULL, '2018-11-23'),
(67, 22020, 43, NULL, '2018-11-23'),
(67, 22020, 44, NULL, '2018-11-23'),
(67, 22020, 45, NULL, '2018-11-23'),
(67, 22020, 46, NULL, '2018-11-23'),
(67, 22020, 47, NULL, '2018-11-23'),
(67, 22020, 48, NULL, '2018-11-23'),
(67, 22020, 49, NULL, '2018-11-23'),
(67, 22020, 50, NULL, '2018-11-23'),
(68, 12100, 1, NULL, '2018-11-23'),
(68, 12100, 2, NULL, '2018-11-23'),
(68, 12100, 3, NULL, '2018-11-23'),
(68, 12100, 4, NULL, '2018-11-23'),
(68, 12100, 5, NULL, '2018-11-23'),
(68, 12100, 6, NULL, '2018-11-23'),
(68, 12100, 7, NULL, '2018-11-23'),
(68, 12100, 8, NULL, '2018-11-23'),
(68, 12100, 9, NULL, '2018-11-23'),
(68, 12100, 10, NULL, '2018-11-23'),
(68, 12100, 11, NULL, '2018-11-23'),
(68, 12100, 12, NULL, '2018-11-23'),
(68, 12100, 13, NULL, '2018-11-23'),
(68, 12100, 14, NULL, '2018-11-23'),
(68, 12100, 15, NULL, '2018-11-23'),
(68, 12100, 16, NULL, '2018-11-23'),
(68, 12100, 17, NULL, '2018-11-23'),
(68, 12100, 18, NULL, '2018-11-23'),
(68, 12100, 19, NULL, '2018-11-23'),
(68, 12100, 20, NULL, '2018-11-23'),
(68, 12100, 21, NULL, '2018-11-23'),
(68, 12100, 22, NULL, '2018-11-23'),
(68, 12100, 23, NULL, '2018-11-23'),
(68, 12100, 24, NULL, '2018-11-23'),
(68, 12100, 25, NULL, '2018-11-23'),
(68, 12100, 26, NULL, '2018-11-23'),
(68, 12100, 27, NULL, '2018-11-23'),
(68, 12100, 28, NULL, '2018-11-23'),
(68, 12100, 29, NULL, '2018-11-23'),
(68, 12100, 30, NULL, '2018-11-23'),
(68, 12100, 31, NULL, '2018-11-23'),
(68, 12100, 32, NULL, '2018-11-23'),
(68, 12100, 33, NULL, '2018-11-23'),
(68, 12100, 34, NULL, '2018-11-23'),
(68, 12100, 35, NULL, '2018-11-23'),
(68, 12100, 36, NULL, '2018-11-23'),
(68, 12100, 37, NULL, '2018-11-23'),
(68, 12100, 38, NULL, '2018-11-23'),
(68, 12100, 39, NULL, '2018-11-23'),
(68, 12100, 40, NULL, '2018-11-23'),
(68, 12100, 41, NULL, '2018-11-23'),
(68, 12100, 42, NULL, '2018-11-23'),
(68, 12100, 43, NULL, '2018-11-23'),
(68, 12100, 44, NULL, '2018-11-23'),
(68, 12100, 45, NULL, '2018-11-23'),
(68, 12100, 46, NULL, '2018-11-23'),
(68, 12100, 47, NULL, '2018-11-23'),
(68, 12100, 48, NULL, '2018-11-23'),
(68, 12100, 49, NULL, '2018-11-23'),
(68, 12100, 50, NULL, '2018-11-23'),
(69, 22140, 1, NULL, '2018-11-23'),
(69, 22140, 2, NULL, '2018-11-23'),
(69, 22140, 3, NULL, '2018-11-23'),
(69, 22140, 4, NULL, '2018-11-23'),
(69, 22140, 5, NULL, '2018-11-23'),
(69, 22140, 6, NULL, '2018-11-23'),
(69, 22140, 7, NULL, '2018-11-23'),
(69, 22140, 8, NULL, '2018-11-23'),
(69, 22140, 9, NULL, '2018-11-23'),
(69, 22140, 10, NULL, '2018-11-23'),
(69, 22140, 11, NULL, '2018-11-23'),
(69, 22140, 12, NULL, '2018-11-23'),
(69, 22140, 13, NULL, '2018-11-23'),
(69, 22140, 14, NULL, '2018-11-23'),
(69, 22140, 15, NULL, '2018-11-23'),
(69, 22140, 16, NULL, '2018-11-23'),
(69, 22140, 17, NULL, '2018-11-23'),
(69, 22140, 18, NULL, '2018-11-23'),
(69, 22140, 19, NULL, '2018-11-23'),
(69, 22140, 20, NULL, '2018-11-23'),
(69, 22140, 21, NULL, '2018-11-23'),
(69, 22140, 22, NULL, '2018-11-23'),
(69, 22140, 23, NULL, '2018-11-23'),
(69, 22140, 24, NULL, '2018-11-23'),
(69, 22140, 25, NULL, '2018-11-23'),
(69, 22140, 26, NULL, '2018-11-23'),
(69, 22140, 27, NULL, '2018-11-23'),
(69, 22140, 28, NULL, '2018-11-23'),
(69, 22140, 29, NULL, '2018-11-23'),
(69, 22140, 30, NULL, '2018-11-23'),
(69, 22140, 31, NULL, '2018-11-23'),
(69, 22140, 32, NULL, '2018-11-23'),
(69, 22140, 33, NULL, '2018-11-23'),
(69, 22140, 34, NULL, '2018-11-23'),
(69, 22140, 35, NULL, '2018-11-23'),
(69, 22140, 36, NULL, '2018-11-23'),
(69, 22140, 37, NULL, '2018-11-23'),
(69, 22140, 38, NULL, '2018-11-23'),
(69, 22140, 39, NULL, '2018-11-23'),
(69, 22140, 40, NULL, '2018-11-23'),
(69, 22140, 41, NULL, '2018-11-23'),
(69, 22140, 42, NULL, '2018-11-23'),
(69, 22140, 43, NULL, '2018-11-23'),
(69, 22140, 44, NULL, '2018-11-23'),
(69, 22140, 45, NULL, '2018-11-23'),
(69, 22140, 46, NULL, '2018-11-23'),
(69, 22140, 47, NULL, '2018-11-23'),
(69, 22140, 48, NULL, '2018-11-23'),
(69, 22140, 49, NULL, '2018-11-23'),
(69, 22140, 50, NULL, '2018-11-23'),
(70, 11540, 1, NULL, '2018-11-24'),
(70, 11540, 2, NULL, '2018-11-24'),
(70, 11540, 3, NULL, '2018-11-24'),
(70, 11540, 4, NULL, '2018-11-24'),
(70, 11540, 5, NULL, '2018-11-24'),
(70, 11540, 6, NULL, '2018-11-24'),
(70, 11540, 7, NULL, '2018-11-24'),
(70, 11540, 8, NULL, '2018-11-24'),
(70, 11540, 9, NULL, '2018-11-24'),
(70, 11540, 10, NULL, '2018-11-24'),
(70, 11540, 11, NULL, '2018-11-24'),
(70, 11540, 12, NULL, '2018-11-24'),
(70, 11540, 13, NULL, '2018-11-24'),
(70, 11540, 14, NULL, '2018-11-24'),
(70, 11540, 15, NULL, '2018-11-24'),
(70, 11540, 16, NULL, '2018-11-24'),
(70, 11540, 17, NULL, '2018-11-24'),
(70, 11540, 18, NULL, '2018-11-24'),
(70, 11540, 19, NULL, '2018-11-24'),
(70, 11540, 20, NULL, '2018-11-24'),
(70, 11540, 21, NULL, '2018-11-24'),
(70, 11540, 22, NULL, '2018-11-24'),
(70, 11540, 23, NULL, '2018-11-24'),
(70, 11540, 24, NULL, '2018-11-24'),
(70, 11540, 25, NULL, '2018-11-24'),
(70, 11540, 26, NULL, '2018-11-24'),
(70, 11540, 27, NULL, '2018-11-24'),
(70, 11540, 28, NULL, '2018-11-24'),
(70, 11540, 29, NULL, '2018-11-24'),
(70, 11540, 30, NULL, '2018-11-24'),
(70, 11540, 31, NULL, '2018-11-24'),
(70, 11540, 32, NULL, '2018-11-24'),
(70, 11540, 33, NULL, '2018-11-24'),
(70, 11540, 34, NULL, '2018-11-24'),
(70, 11540, 35, NULL, '2018-11-24'),
(70, 11540, 36, NULL, '2018-11-24'),
(70, 11540, 37, NULL, '2018-11-24'),
(70, 11540, 38, NULL, '2018-11-24'),
(70, 11540, 39, NULL, '2018-11-24'),
(70, 11540, 40, NULL, '2018-11-24'),
(70, 11540, 41, NULL, '2018-11-24'),
(70, 11540, 42, NULL, '2018-11-24'),
(70, 11540, 43, NULL, '2018-11-24'),
(70, 11540, 44, NULL, '2018-11-24'),
(70, 11540, 45, NULL, '2018-11-24'),
(70, 11540, 46, NULL, '2018-11-24'),
(70, 11540, 47, NULL, '2018-11-24'),
(70, 11540, 48, NULL, '2018-11-24'),
(70, 11540, 49, NULL, '2018-11-24'),
(70, 11540, 50, NULL, '2018-11-24'),
(71, 21615, 1, NULL, '2018-11-24'),
(71, 21615, 2, NULL, '2018-11-24'),
(71, 21615, 3, NULL, '2018-11-24'),
(71, 21615, 4, NULL, '2018-11-24'),
(71, 21615, 5, NULL, '2018-11-24'),
(71, 21615, 6, NULL, '2018-11-24'),
(71, 21615, 7, NULL, '2018-11-24'),
(71, 21615, 8, NULL, '2018-11-24'),
(71, 21615, 9, NULL, '2018-11-24'),
(71, 21615, 10, NULL, '2018-11-24'),
(71, 21615, 11, NULL, '2018-11-24'),
(71, 21615, 12, NULL, '2018-11-24'),
(71, 21615, 13, NULL, '2018-11-24'),
(71, 21615, 14, NULL, '2018-11-24'),
(71, 21615, 15, NULL, '2018-11-24'),
(71, 21615, 16, NULL, '2018-11-24'),
(71, 21615, 17, NULL, '2018-11-24'),
(71, 21615, 18, NULL, '2018-11-24'),
(71, 21615, 19, NULL, '2018-11-24'),
(71, 21615, 20, NULL, '2018-11-24'),
(71, 21615, 21, NULL, '2018-11-24'),
(71, 21615, 22, NULL, '2018-11-24'),
(71, 21615, 23, NULL, '2018-11-24'),
(71, 21615, 24, NULL, '2018-11-24'),
(71, 21615, 25, NULL, '2018-11-24'),
(71, 21615, 26, NULL, '2018-11-24'),
(71, 21615, 27, NULL, '2018-11-24'),
(71, 21615, 28, NULL, '2018-11-24'),
(71, 21615, 29, NULL, '2018-11-24'),
(71, 21615, 30, NULL, '2018-11-24'),
(71, 21615, 31, NULL, '2018-11-24'),
(71, 21615, 32, NULL, '2018-11-24'),
(71, 21615, 33, NULL, '2018-11-24'),
(71, 21615, 34, NULL, '2018-11-24'),
(71, 21615, 35, NULL, '2018-11-24'),
(71, 21615, 36, NULL, '2018-11-24'),
(71, 21615, 37, NULL, '2018-11-24'),
(71, 21615, 38, NULL, '2018-11-24'),
(71, 21615, 39, NULL, '2018-11-24'),
(71, 21615, 40, NULL, '2018-11-24'),
(71, 21615, 41, NULL, '2018-11-24'),
(71, 21615, 42, NULL, '2018-11-24'),
(71, 21615, 43, NULL, '2018-11-24'),
(71, 21615, 44, NULL, '2018-11-24'),
(71, 21615, 45, NULL, '2018-11-24'),
(71, 21615, 46, NULL, '2018-11-24'),
(71, 21615, 47, NULL, '2018-11-24'),
(71, 21615, 48, NULL, '2018-11-24'),
(71, 21615, 49, NULL, '2018-11-24'),
(71, 21615, 50, NULL, '2018-11-24'),
(72, 21655, 1, NULL, '2018-11-24'),
(72, 21655, 2, NULL, '2018-11-24'),
(72, 21655, 3, NULL, '2018-11-24'),
(72, 21655, 4, NULL, '2018-11-24'),
(72, 21655, 5, NULL, '2018-11-24'),
(72, 21655, 6, NULL, '2018-11-24'),
(72, 21655, 7, NULL, '2018-11-24'),
(72, 21655, 8, NULL, '2018-11-24'),
(72, 21655, 9, NULL, '2018-11-24'),
(72, 21655, 10, NULL, '2018-11-24'),
(72, 21655, 11, NULL, '2018-11-24'),
(72, 21655, 12, NULL, '2018-11-24'),
(72, 21655, 13, NULL, '2018-11-24'),
(72, 21655, 14, NULL, '2018-11-24'),
(72, 21655, 15, NULL, '2018-11-24'),
(72, 21655, 16, NULL, '2018-11-24'),
(72, 21655, 17, NULL, '2018-11-24'),
(72, 21655, 18, NULL, '2018-11-24'),
(72, 21655, 19, NULL, '2018-11-24'),
(72, 21655, 20, NULL, '2018-11-24'),
(72, 21655, 21, NULL, '2018-11-24'),
(72, 21655, 22, NULL, '2018-11-24'),
(72, 21655, 23, NULL, '2018-11-24'),
(72, 21655, 24, NULL, '2018-11-24'),
(72, 21655, 25, NULL, '2018-11-24'),
(72, 21655, 26, NULL, '2018-11-24'),
(72, 21655, 27, NULL, '2018-11-24'),
(72, 21655, 28, NULL, '2018-11-24'),
(72, 21655, 29, NULL, '2018-11-24'),
(72, 21655, 30, NULL, '2018-11-24'),
(72, 21655, 31, NULL, '2018-11-24'),
(72, 21655, 32, NULL, '2018-11-24'),
(72, 21655, 33, NULL, '2018-11-24'),
(72, 21655, 34, NULL, '2018-11-24'),
(72, 21655, 35, NULL, '2018-11-24'),
(72, 21655, 36, NULL, '2018-11-24'),
(72, 21655, 37, NULL, '2018-11-24'),
(72, 21655, 38, NULL, '2018-11-24'),
(72, 21655, 39, NULL, '2018-11-24'),
(72, 21655, 40, NULL, '2018-11-24'),
(72, 21655, 41, NULL, '2018-11-24'),
(72, 21655, 42, NULL, '2018-11-24'),
(72, 21655, 43, NULL, '2018-11-24'),
(72, 21655, 44, NULL, '2018-11-24'),
(72, 21655, 45, NULL, '2018-11-24'),
(72, 21655, 46, NULL, '2018-11-24'),
(72, 21655, 47, NULL, '2018-11-24'),
(72, 21655, 48, NULL, '2018-11-24'),
(72, 21655, 49, NULL, '2018-11-24'),
(72, 21655, 50, NULL, '2018-11-24'),
(73, 11720, 1, NULL, '2018-11-24'),
(73, 11720, 2, NULL, '2018-11-24'),
(73, 11720, 3, NULL, '2018-11-24'),
(73, 11720, 4, NULL, '2018-11-24'),
(73, 11720, 5, NULL, '2018-11-24'),
(73, 11720, 6, NULL, '2018-11-24'),
(73, 11720, 7, NULL, '2018-11-24'),
(73, 11720, 8, NULL, '2018-11-24'),
(73, 11720, 9, NULL, '2018-11-24'),
(73, 11720, 10, NULL, '2018-11-24'),
(73, 11720, 11, NULL, '2018-11-24'),
(73, 11720, 12, NULL, '2018-11-24'),
(73, 11720, 13, NULL, '2018-11-24'),
(73, 11720, 14, NULL, '2018-11-24'),
(73, 11720, 15, NULL, '2018-11-24'),
(73, 11720, 16, NULL, '2018-11-24'),
(73, 11720, 17, NULL, '2018-11-24'),
(73, 11720, 18, NULL, '2018-11-24'),
(73, 11720, 19, NULL, '2018-11-24'),
(73, 11720, 20, NULL, '2018-11-24'),
(73, 11720, 21, NULL, '2018-11-24'),
(73, 11720, 22, NULL, '2018-11-24'),
(73, 11720, 23, NULL, '2018-11-24'),
(73, 11720, 24, NULL, '2018-11-24'),
(73, 11720, 25, NULL, '2018-11-24'),
(73, 11720, 26, NULL, '2018-11-24'),
(73, 11720, 27, NULL, '2018-11-24'),
(73, 11720, 28, NULL, '2018-11-24'),
(73, 11720, 29, NULL, '2018-11-24'),
(73, 11720, 30, NULL, '2018-11-24'),
(73, 11720, 31, NULL, '2018-11-24'),
(73, 11720, 32, NULL, '2018-11-24'),
(73, 11720, 33, NULL, '2018-11-24'),
(73, 11720, 34, NULL, '2018-11-24'),
(73, 11720, 35, NULL, '2018-11-24'),
(73, 11720, 36, NULL, '2018-11-24'),
(73, 11720, 37, NULL, '2018-11-24'),
(73, 11720, 38, NULL, '2018-11-24'),
(73, 11720, 39, NULL, '2018-11-24'),
(73, 11720, 40, NULL, '2018-11-24'),
(73, 11720, 41, NULL, '2018-11-24'),
(73, 11720, 42, NULL, '2018-11-24'),
(73, 11720, 43, NULL, '2018-11-24'),
(73, 11720, 44, NULL, '2018-11-24'),
(73, 11720, 45, NULL, '2018-11-24'),
(73, 11720, 46, NULL, '2018-11-24'),
(73, 11720, 47, NULL, '2018-11-24'),
(73, 11720, 48, NULL, '2018-11-24'),
(73, 11720, 49, NULL, '2018-11-24'),
(73, 11720, 50, NULL, '2018-11-24'),
(74, 11750, 1, NULL, '2018-11-24'),
(74, 11750, 2, NULL, '2018-11-24'),
(74, 11750, 3, NULL, '2018-11-24'),
(74, 11750, 4, NULL, '2018-11-24'),
(74, 11750, 5, NULL, '2018-11-24'),
(74, 11750, 6, NULL, '2018-11-24'),
(74, 11750, 7, NULL, '2018-11-24'),
(74, 11750, 8, NULL, '2018-11-24'),
(74, 11750, 9, NULL, '2018-11-24'),
(74, 11750, 10, NULL, '2018-11-24'),
(74, 11750, 11, NULL, '2018-11-24'),
(74, 11750, 12, NULL, '2018-11-24'),
(74, 11750, 13, NULL, '2018-11-24'),
(74, 11750, 14, NULL, '2018-11-24'),
(74, 11750, 15, NULL, '2018-11-24'),
(74, 11750, 16, NULL, '2018-11-24'),
(74, 11750, 17, NULL, '2018-11-24'),
(74, 11750, 18, NULL, '2018-11-24'),
(74, 11750, 19, NULL, '2018-11-24'),
(74, 11750, 20, NULL, '2018-11-24'),
(74, 11750, 21, NULL, '2018-11-24'),
(74, 11750, 22, NULL, '2018-11-24'),
(74, 11750, 23, NULL, '2018-11-24'),
(74, 11750, 24, NULL, '2018-11-24'),
(74, 11750, 25, NULL, '2018-11-24'),
(74, 11750, 26, NULL, '2018-11-24'),
(74, 11750, 27, NULL, '2018-11-24'),
(74, 11750, 28, NULL, '2018-11-24'),
(74, 11750, 29, NULL, '2018-11-24'),
(74, 11750, 30, NULL, '2018-11-24'),
(74, 11750, 31, NULL, '2018-11-24'),
(74, 11750, 32, NULL, '2018-11-24'),
(74, 11750, 33, NULL, '2018-11-24'),
(74, 11750, 34, NULL, '2018-11-24'),
(74, 11750, 35, NULL, '2018-11-24'),
(74, 11750, 36, NULL, '2018-11-24'),
(74, 11750, 37, NULL, '2018-11-24'),
(74, 11750, 38, NULL, '2018-11-24'),
(74, 11750, 39, NULL, '2018-11-24'),
(74, 11750, 40, NULL, '2018-11-24'),
(74, 11750, 41, NULL, '2018-11-24'),
(74, 11750, 42, NULL, '2018-11-24'),
(74, 11750, 43, NULL, '2018-11-24'),
(74, 11750, 44, NULL, '2018-11-24'),
(74, 11750, 45, NULL, '2018-11-24'),
(74, 11750, 46, NULL, '2018-11-24'),
(74, 11750, 47, NULL, '2018-11-24'),
(74, 11750, 48, NULL, '2018-11-24'),
(74, 11750, 49, NULL, '2018-11-24'),
(74, 11750, 50, NULL, '2018-11-24'),
(75, 21830, 1, NULL, '2018-11-24'),
(75, 21830, 2, NULL, '2018-11-24'),
(75, 21830, 3, NULL, '2018-11-24'),
(75, 21830, 4, NULL, '2018-11-24'),
(75, 21830, 5, NULL, '2018-11-24'),
(75, 21830, 6, NULL, '2018-11-24'),
(75, 21830, 7, NULL, '2018-11-24'),
(75, 21830, 8, NULL, '2018-11-24'),
(75, 21830, 9, NULL, '2018-11-24'),
(75, 21830, 10, NULL, '2018-11-24'),
(75, 21830, 11, NULL, '2018-11-24'),
(75, 21830, 12, NULL, '2018-11-24'),
(75, 21830, 13, NULL, '2018-11-24'),
(75, 21830, 14, NULL, '2018-11-24'),
(75, 21830, 15, NULL, '2018-11-24'),
(75, 21830, 16, NULL, '2018-11-24'),
(75, 21830, 17, NULL, '2018-11-24'),
(75, 21830, 18, NULL, '2018-11-24'),
(75, 21830, 19, NULL, '2018-11-24'),
(75, 21830, 20, NULL, '2018-11-24'),
(75, 21830, 21, NULL, '2018-11-24'),
(75, 21830, 22, NULL, '2018-11-24'),
(75, 21830, 23, NULL, '2018-11-24'),
(75, 21830, 24, NULL, '2018-11-24'),
(75, 21830, 25, NULL, '2018-11-24'),
(75, 21830, 26, NULL, '2018-11-24'),
(75, 21830, 27, NULL, '2018-11-24'),
(75, 21830, 28, NULL, '2018-11-24'),
(75, 21830, 29, NULL, '2018-11-24'),
(75, 21830, 30, NULL, '2018-11-24'),
(75, 21830, 31, NULL, '2018-11-24'),
(75, 21830, 32, NULL, '2018-11-24'),
(75, 21830, 33, NULL, '2018-11-24'),
(75, 21830, 34, NULL, '2018-11-24'),
(75, 21830, 35, NULL, '2018-11-24'),
(75, 21830, 36, NULL, '2018-11-24'),
(75, 21830, 37, NULL, '2018-11-24'),
(75, 21830, 38, NULL, '2018-11-24'),
(75, 21830, 39, NULL, '2018-11-24'),
(75, 21830, 40, NULL, '2018-11-24'),
(75, 21830, 41, NULL, '2018-11-24'),
(75, 21830, 42, NULL, '2018-11-24'),
(75, 21830, 43, NULL, '2018-11-24'),
(75, 21830, 44, NULL, '2018-11-24'),
(75, 21830, 45, NULL, '2018-11-24'),
(75, 21830, 46, NULL, '2018-11-24'),
(75, 21830, 47, NULL, '2018-11-24'),
(75, 21830, 48, NULL, '2018-11-24'),
(75, 21830, 49, NULL, '2018-11-24'),
(75, 21830, 50, NULL, '2018-11-24'),
(76, 11940, 1, NULL, '2018-11-24'),
(76, 11940, 2, NULL, '2018-11-24'),
(76, 11940, 3, NULL, '2018-11-24'),
(76, 11940, 4, NULL, '2018-11-24'),
(76, 11940, 5, NULL, '2018-11-24'),
(76, 11940, 6, NULL, '2018-11-24'),
(76, 11940, 7, NULL, '2018-11-24'),
(76, 11940, 8, NULL, '2018-11-24'),
(76, 11940, 9, NULL, '2018-11-24'),
(76, 11940, 10, NULL, '2018-11-24'),
(76, 11940, 11, NULL, '2018-11-24'),
(76, 11940, 12, NULL, '2018-11-24'),
(76, 11940, 13, NULL, '2018-11-24'),
(76, 11940, 14, NULL, '2018-11-24'),
(76, 11940, 15, NULL, '2018-11-24'),
(76, 11940, 16, NULL, '2018-11-24'),
(76, 11940, 17, NULL, '2018-11-24'),
(76, 11940, 18, NULL, '2018-11-24'),
(76, 11940, 19, NULL, '2018-11-24'),
(76, 11940, 20, NULL, '2018-11-24'),
(76, 11940, 21, NULL, '2018-11-24'),
(76, 11940, 22, NULL, '2018-11-24'),
(76, 11940, 23, NULL, '2018-11-24'),
(76, 11940, 24, NULL, '2018-11-24'),
(76, 11940, 25, NULL, '2018-11-24'),
(76, 11940, 26, NULL, '2018-11-24'),
(76, 11940, 27, NULL, '2018-11-24'),
(76, 11940, 28, NULL, '2018-11-24'),
(76, 11940, 29, NULL, '2018-11-24'),
(76, 11940, 30, NULL, '2018-11-24'),
(76, 11940, 31, NULL, '2018-11-24'),
(76, 11940, 32, NULL, '2018-11-24'),
(76, 11940, 33, NULL, '2018-11-24'),
(76, 11940, 34, NULL, '2018-11-24'),
(76, 11940, 35, NULL, '2018-11-24'),
(76, 11940, 36, NULL, '2018-11-24'),
(76, 11940, 37, NULL, '2018-11-24'),
(76, 11940, 38, NULL, '2018-11-24'),
(76, 11940, 39, NULL, '2018-11-24'),
(76, 11940, 40, NULL, '2018-11-24'),
(76, 11940, 41, NULL, '2018-11-24'),
(76, 11940, 42, NULL, '2018-11-24'),
(76, 11940, 43, NULL, '2018-11-24'),
(76, 11940, 44, NULL, '2018-11-24'),
(76, 11940, 45, NULL, '2018-11-24'),
(76, 11940, 46, NULL, '2018-11-24'),
(76, 11940, 47, NULL, '2018-11-24'),
(76, 11940, 48, NULL, '2018-11-24'),
(76, 11940, 49, NULL, '2018-11-24'),
(76, 11940, 50, NULL, '2018-11-24'),
(77, 22020, 1, NULL, '2018-11-24'),
(77, 22020, 2, NULL, '2018-11-24'),
(77, 22020, 3, NULL, '2018-11-24'),
(77, 22020, 4, NULL, '2018-11-24'),
(77, 22020, 5, NULL, '2018-11-24'),
(77, 22020, 6, NULL, '2018-11-24'),
(77, 22020, 7, NULL, '2018-11-24'),
(77, 22020, 8, NULL, '2018-11-24'),
(77, 22020, 9, NULL, '2018-11-24'),
(77, 22020, 10, NULL, '2018-11-24'),
(77, 22020, 11, NULL, '2018-11-24'),
(77, 22020, 12, NULL, '2018-11-24'),
(77, 22020, 13, NULL, '2018-11-24'),
(77, 22020, 14, NULL, '2018-11-24'),
(77, 22020, 15, NULL, '2018-11-24'),
(77, 22020, 16, NULL, '2018-11-24'),
(77, 22020, 17, NULL, '2018-11-24'),
(77, 22020, 18, NULL, '2018-11-24'),
(77, 22020, 19, NULL, '2018-11-24'),
(77, 22020, 20, NULL, '2018-11-24'),
(77, 22020, 21, NULL, '2018-11-24'),
(77, 22020, 22, NULL, '2018-11-24'),
(77, 22020, 23, NULL, '2018-11-24'),
(77, 22020, 24, NULL, '2018-11-24'),
(77, 22020, 25, NULL, '2018-11-24'),
(77, 22020, 26, NULL, '2018-11-24'),
(77, 22020, 27, NULL, '2018-11-24'),
(77, 22020, 28, NULL, '2018-11-24'),
(77, 22020, 29, NULL, '2018-11-24'),
(77, 22020, 30, NULL, '2018-11-24'),
(77, 22020, 31, NULL, '2018-11-24'),
(77, 22020, 32, NULL, '2018-11-24'),
(77, 22020, 33, NULL, '2018-11-24'),
(77, 22020, 34, NULL, '2018-11-24'),
(77, 22020, 35, NULL, '2018-11-24'),
(77, 22020, 36, NULL, '2018-11-24'),
(77, 22020, 37, NULL, '2018-11-24'),
(77, 22020, 38, NULL, '2018-11-24'),
(77, 22020, 39, NULL, '2018-11-24'),
(77, 22020, 40, NULL, '2018-11-24'),
(77, 22020, 41, NULL, '2018-11-24'),
(77, 22020, 42, NULL, '2018-11-24'),
(77, 22020, 43, NULL, '2018-11-24'),
(77, 22020, 44, NULL, '2018-11-24'),
(77, 22020, 45, NULL, '2018-11-24'),
(77, 22020, 46, NULL, '2018-11-24'),
(77, 22020, 47, NULL, '2018-11-24'),
(77, 22020, 48, NULL, '2018-11-24'),
(77, 22020, 49, NULL, '2018-11-24'),
(77, 22020, 50, NULL, '2018-11-24'),
(78, 12100, 1, NULL, '2018-11-24'),
(78, 12100, 2, NULL, '2018-11-24'),
(78, 12100, 3, NULL, '2018-11-24'),
(78, 12100, 4, NULL, '2018-11-24'),
(78, 12100, 5, NULL, '2018-11-24'),
(78, 12100, 6, NULL, '2018-11-24'),
(78, 12100, 7, NULL, '2018-11-24'),
(78, 12100, 8, NULL, '2018-11-24'),
(78, 12100, 9, NULL, '2018-11-24'),
(78, 12100, 10, NULL, '2018-11-24'),
(78, 12100, 11, NULL, '2018-11-24'),
(78, 12100, 12, NULL, '2018-11-24'),
(78, 12100, 13, NULL, '2018-11-24'),
(78, 12100, 14, NULL, '2018-11-24'),
(78, 12100, 15, NULL, '2018-11-24'),
(78, 12100, 16, NULL, '2018-11-24'),
(78, 12100, 17, NULL, '2018-11-24'),
(78, 12100, 18, NULL, '2018-11-24'),
(78, 12100, 19, NULL, '2018-11-24'),
(78, 12100, 20, NULL, '2018-11-24'),
(78, 12100, 21, NULL, '2018-11-24'),
(78, 12100, 22, NULL, '2018-11-24'),
(78, 12100, 23, NULL, '2018-11-24'),
(78, 12100, 24, NULL, '2018-11-24'),
(78, 12100, 25, NULL, '2018-11-24'),
(78, 12100, 26, NULL, '2018-11-24'),
(78, 12100, 27, NULL, '2018-11-24'),
(78, 12100, 28, NULL, '2018-11-24'),
(78, 12100, 29, NULL, '2018-11-24'),
(78, 12100, 30, NULL, '2018-11-24'),
(78, 12100, 31, NULL, '2018-11-24'),
(78, 12100, 32, NULL, '2018-11-24'),
(78, 12100, 33, NULL, '2018-11-24'),
(78, 12100, 34, NULL, '2018-11-24'),
(78, 12100, 35, NULL, '2018-11-24'),
(78, 12100, 36, NULL, '2018-11-24'),
(78, 12100, 37, NULL, '2018-11-24'),
(78, 12100, 38, NULL, '2018-11-24'),
(78, 12100, 39, NULL, '2018-11-24'),
(78, 12100, 40, NULL, '2018-11-24'),
(78, 12100, 41, NULL, '2018-11-24'),
(78, 12100, 42, NULL, '2018-11-24'),
(78, 12100, 43, NULL, '2018-11-24'),
(78, 12100, 44, NULL, '2018-11-24'),
(78, 12100, 45, NULL, '2018-11-24'),
(78, 12100, 46, NULL, '2018-11-24'),
(78, 12100, 47, NULL, '2018-11-24'),
(78, 12100, 48, NULL, '2018-11-24'),
(78, 12100, 49, NULL, '2018-11-24'),
(78, 12100, 50, NULL, '2018-11-24'),
(79, 22140, 1, NULL, '2018-11-24'),
(79, 22140, 2, NULL, '2018-11-24'),
(79, 22140, 3, NULL, '2018-11-24'),
(79, 22140, 4, NULL, '2018-11-24'),
(79, 22140, 5, NULL, '2018-11-24'),
(79, 22140, 6, NULL, '2018-11-24'),
(79, 22140, 7, NULL, '2018-11-24'),
(79, 22140, 8, NULL, '2018-11-24'),
(79, 22140, 9, NULL, '2018-11-24'),
(79, 22140, 10, NULL, '2018-11-24'),
(79, 22140, 11, NULL, '2018-11-24'),
(79, 22140, 12, NULL, '2018-11-24'),
(79, 22140, 13, NULL, '2018-11-24'),
(79, 22140, 14, NULL, '2018-11-24'),
(79, 22140, 15, NULL, '2018-11-24'),
(79, 22140, 16, NULL, '2018-11-24'),
(79, 22140, 17, NULL, '2018-11-24'),
(79, 22140, 18, NULL, '2018-11-24'),
(79, 22140, 19, NULL, '2018-11-24'),
(79, 22140, 20, NULL, '2018-11-24'),
(79, 22140, 21, NULL, '2018-11-24'),
(79, 22140, 22, NULL, '2018-11-24'),
(79, 22140, 23, NULL, '2018-11-24'),
(79, 22140, 24, NULL, '2018-11-24'),
(79, 22140, 25, NULL, '2018-11-24'),
(79, 22140, 26, NULL, '2018-11-24'),
(79, 22140, 27, NULL, '2018-11-24'),
(79, 22140, 28, NULL, '2018-11-24'),
(79, 22140, 29, NULL, '2018-11-24'),
(79, 22140, 30, NULL, '2018-11-24'),
(79, 22140, 31, NULL, '2018-11-24'),
(79, 22140, 32, NULL, '2018-11-24'),
(79, 22140, 33, NULL, '2018-11-24'),
(79, 22140, 34, NULL, '2018-11-24'),
(79, 22140, 35, NULL, '2018-11-24'),
(79, 22140, 36, NULL, '2018-11-24'),
(79, 22140, 37, NULL, '2018-11-24'),
(79, 22140, 38, NULL, '2018-11-24'),
(79, 22140, 39, NULL, '2018-11-24'),
(79, 22140, 40, NULL, '2018-11-24'),
(79, 22140, 41, NULL, '2018-11-24'),
(79, 22140, 42, NULL, '2018-11-24'),
(79, 22140, 43, NULL, '2018-11-24'),
(79, 22140, 44, NULL, '2018-11-24'),
(79, 22140, 45, NULL, '2018-11-24'),
(79, 22140, 46, NULL, '2018-11-24'),
(79, 22140, 47, NULL, '2018-11-24'),
(79, 22140, 48, NULL, '2018-11-24'),
(79, 22140, 49, NULL, '2018-11-24'),
(79, 22140, 50, NULL, '2018-11-24');

-- --------------------------------------------------------

--
-- Table structure for table `staff`
--

DROP TABLE IF EXISTS `staff`;
CREATE TABLE IF NOT EXISTS `staff` (
  `EID` int(11) NOT NULL,
  `EName` varchar(30) DEFAULT NULL,
  `BloodG` varchar(5) DEFAULT NULL,
  PRIMARY KEY (`EID`),
  KEY `BloodG` (`BloodG`)
) ENGINE=InnoDB DEFAULT CHARSET=latin1;

--
-- Dumping data for table `staff`
--

INSERT INTO `staff` (`EID`, `EName`, `BloodG`) VALUES
(1021, 'John Doe', 'A+');

-- --------------------------------------------------------

--
-- Table structure for table `stops`
--

DROP TABLE IF EXISTS `stops`;
CREATE TABLE IF NOT EXISTS `stops` (
  `StopName` varchar(20) NOT NULL,
  `StopType` varchar(10) NOT NULL,
  PRIMARY KEY (`StopName`)
) ENGINE=InnoDB DEFAULT CHARSET=latin1;

--
-- Dumping data for table `stops`
--

INSERT INTO `stops` (`StopName`, `StopType`) VALUES
('Empire Talkies', 'City'),
('Hall 4', 'Institute'),
('Hexagon Canteen', 'Institute'),
('IIITDMJ Main Gate', 'Institute'),
('Narmada Residency', 'Institute'),
('Nescafe (Hall 1)', 'Institute'),
('Penty Naka', 'City'),
('PG Hostel', 'Institute'),
('Railway Station', 'City'),
('Russel Chowk', 'City');

-- --------------------------------------------------------

--
-- Table structure for table `student`
--

DROP TABLE IF EXISTS `student`;
CREATE TABLE IF NOT EXISTS `student` (
  `RollNo` int(11) NOT NULL,
  `SName` varchar(30) DEFAULT NULL,
  `Batch` year(4) NOT NULL,
  `Branch` varchar(5) NOT NULL,
  `BloodG` varchar(5) DEFAULT NULL,
  PRIMARY KEY (`RollNo`),
  KEY `Branch` (`Branch`),
  KEY `BloodG` (`BloodG`)
) ENGINE=InnoDB DEFAULT CHARSET=latin1;

--
-- Dumping data for table `student`
--

INSERT INTO `student` (`RollNo`, `SName`, `Batch`, `Branch`, `BloodG`) VALUES
(2017333, 'Ajwad Shaikh', 2017, 'CSE', 'B+');

--
-- Constraints for dumped tables
--

--
-- Constraints for table `bus_instances`
--
ALTER TABLE `bus_instances`
  ADD CONSTRAINT `bus_instances_ibfk_1` FOREIGN KEY (`RID`) REFERENCES `routes` (`RID`),
  ADD CONSTRAINT `bus_instances_ibfk_2` FOREIGN KEY (`Capacity`) REFERENCES `routes` (`Capacity`),
  ADD CONSTRAINT `bus_instances_ibfk_3` FOREIGN KEY (`DepTime`) REFERENCES `routes` (`STime`);

--
-- Constraints for table `seat_matrix`
--
ALTER TABLE `seat_matrix`
  ADD CONSTRAINT `seat_matrix_ibfk_1` FOREIGN KEY (`RID`) REFERENCES `routes` (`RID`),
  ADD CONSTRAINT `seat_matrix_ibfk_2` FOREIGN KEY (`Passenger`) REFERENCES `passenger` (`ID`);
COMMIT;

/*!40101 SET CHARACTER_SET_CLIENT=@OLD_CHARACTER_SET_CLIENT */;
/*!40101 SET CHARACTER_SET_RESULTS=@OLD_CHARACTER_SET_RESULTS */;
/*!40101 SET COLLATION_CONNECTION=@OLD_COLLATION_CONNECTION */;
